{
  "registration": [
    {
      "id": "1",
      "fName": "William",
      "lName": "Jones",
      "email": "william@gmail.com",
      "username": "wjones",
      "password": "123456"
    },
    {
      "id": "2ca3",
      "fName": "sumit",
      "lName": "sil",
      "email": "sil@gmail.com",
      "username": "sumits",
      "password": "09876"
    },
    {
      "id": "6774",
      "fName": "web",
      "lName": "dev",
      "email": "dev@gmail.com",
      "username": "webdev",
      "password": "234567"
    }
  ],
  "login": [
    {
      "id": "f4ec",
      "email": "12000",
      "username": "Black",
      "password": "ki"
    }
  ]
}